날짜,콘텐츠,동영상 제목,동영상 게시 시간,길이,조회수
2025-03-30,6dcaG1CS6G0,1시간 숙성 짜장면 먹방입니다!!,"Apr 6, 2025",730,0
2025-03-31,6dcaG1CS6G0,1시간 숙성 짜장면 먹방입니다!!,"Apr 6, 2025",730,0
2025-04-01,6dcaG1CS6G0,1시간 숙성 짜장면 먹방입니다!!,"Apr 6, 2025",730,0
2025-04-02,6dcaG1CS6G0,1시간 숙성 짜장면 먹방입니다!!,"Apr 6, 2025",730,0
2025-04-03,6dcaG1CS6G0,1시간 숙성 짜장면 먹방입니다!!,"Apr 6, 2025",730,0
2025-04-04,6dcaG1CS6G0,1시간 숙성 짜장면 먹방입니다!!,"Apr 6, 2025",730,0
2025-04-05,6dcaG1CS6G0,1시간 숙성 짜장면 먹방입니다!!,"Apr 6, 2025",730,0
2025-04-06,6dcaG1CS6G0,1시간 숙성 짜장면 먹방입니다!!,"Apr 6, 2025",730,45420
2025-04-07,6dcaG1CS6G0,1시간 숙성 짜장면 먹방입니다!!,"Apr 6, 2025",730,19776
2025-04-08,6dcaG1CS6G0,1시간 숙성 짜장면 먹방입니다!!,"Apr 6, 2025",730,8040
2025-04-09,6dcaG1CS6G0,1시간 숙성 짜장면 먹방입니다!!,"Apr 6, 2025",730,7246
2025-04-10,6dcaG1CS6G0,1시간 숙성 짜장면 먹방입니다!!,"Apr 6, 2025",730,4236
2025-04-11,6dcaG1CS6G0,1시간 숙성 짜장면 먹방입니다!!,"Apr 6, 2025",730,3810
2025-04-12,6dcaG1CS6G0,1시간 숙성 짜장면 먹방입니다!!,"Apr 6, 2025",730,3487
2025-04-13,6dcaG1CS6G0,1시간 숙성 짜장면 먹방입니다!!,"Apr 6, 2025",730,2787
2025-04-14,6dcaG1CS6G0,1시간 숙성 짜장면 먹방입니다!!,"Apr 6, 2025",730,2815
2025-04-15,6dcaG1CS6G0,1시간 숙성 짜장면 먹방입니다!!,"Apr 6, 2025",730,2155
2025-04-16,6dcaG1CS6G0,1시간 숙성 짜장면 먹방입니다!!,"Apr 6, 2025",730,1669
2025-04-17,6dcaG1CS6G0,1시간 숙성 짜장면 먹방입니다!!,"Apr 6, 2025",730,1208
2025-04-18,6dcaG1CS6G0,1시간 숙성 짜장면 먹방입니다!!,"Apr 6, 2025",730,1001
2025-04-19,6dcaG1CS6G0,1시간 숙성 짜장면 먹방입니다!!,"Apr 6, 2025",730,899
2025-04-20,6dcaG1CS6G0,1시간 숙성 짜장면 먹방입니다!!,"Apr 6, 2025",730,824
2025-04-21,6dcaG1CS6G0,1시간 숙성 짜장면 먹방입니다!!,"Apr 6, 2025",730,663
2025-04-22,6dcaG1CS6G0,1시간 숙성 짜장면 먹방입니다!!,"Apr 6, 2025",730,566
2025-04-23,6dcaG1CS6G0,1시간 숙성 짜장면 먹방입니다!!,"Apr 6, 2025",730,464
2025-04-24,6dcaG1CS6G0,1시간 숙성 짜장면 먹방입니다!!,"Apr 6, 2025",730,445
2025-04-25,6dcaG1CS6G0,1시간 숙성 짜장면 먹방입니다!!,"Apr 6, 2025",730,301
2025-04-26,6dcaG1CS6G0,1시간 숙성 짜장면 먹방입니다!!,"Apr 6, 2025",730,370
2025-04-27,6dcaG1CS6G0,1시간 숙성 짜장면 먹방입니다!!,"Apr 6, 2025",730,479
2025-04-28,6dcaG1CS6G0,1시간 숙성 짜장면 먹방입니다!!,"Apr 6, 2025",730,500
2025-04-29,6dcaG1CS6G0,1시간 숙성 짜장면 먹방입니다!!,"Apr 6, 2025",730,423
2025-04-30,6dcaG1CS6G0,1시간 숙성 짜장면 먹방입니다!!,"Apr 6, 2025",730,386
2025-05-01,6dcaG1CS6G0,1시간 숙성 짜장면 먹방입니다!!,"Apr 6, 2025",730,593
2025-05-02,6dcaG1CS6G0,1시간 숙성 짜장면 먹방입니다!!,"Apr 6, 2025",730,368
2025-05-03,6dcaG1CS6G0,1시간 숙성 짜장면 먹방입니다!!,"Apr 6, 2025",730,390
2025-05-04,6dcaG1CS6G0,1시간 숙성 짜장면 먹방입니다!!,"Apr 6, 2025",730,454
2025-05-05,6dcaG1CS6G0,1시간 숙성 짜장면 먹방입니다!!,"Apr 6, 2025",730,425
2025-05-06,6dcaG1CS6G0,1시간 숙성 짜장면 먹방입니다!!,"Apr 6, 2025",730,512
2025-05-07,6dcaG1CS6G0,1시간 숙성 짜장면 먹방입니다!!,"Apr 6, 2025",730,376
2025-05-08,6dcaG1CS6G0,1시간 숙성 짜장면 먹방입니다!!,"Apr 6, 2025",730,400
2025-05-09,6dcaG1CS6G0,1시간 숙성 짜장면 먹방입니다!!,"Apr 6, 2025",730,372
2025-05-10,6dcaG1CS6G0,1시간 숙성 짜장면 먹방입니다!!,"Apr 6, 2025",730,392
2025-05-11,6dcaG1CS6G0,1시간 숙성 짜장면 먹방입니다!!,"Apr 6, 2025",730,397
2025-05-12,6dcaG1CS6G0,1시간 숙성 짜장면 먹방입니다!!,"Apr 6, 2025",730,311
2025-05-13,6dcaG1CS6G0,1시간 숙성 짜장면 먹방입니다!!,"Apr 6, 2025",730,430
2025-05-14,6dcaG1CS6G0,1시간 숙성 짜장면 먹방입니다!!,"Apr 6, 2025",730,362
2025-05-15,6dcaG1CS6G0,1시간 숙성 짜장면 먹방입니다!!,"Apr 6, 2025",730,400
2025-05-16,6dcaG1CS6G0,1시간 숙성 짜장면 먹방입니다!!,"Apr 6, 2025",730,377
2025-05-17,6dcaG1CS6G0,1시간 숙성 짜장면 먹방입니다!!,"Apr 6, 2025",730,290
2025-05-18,6dcaG1CS6G0,1시간 숙성 짜장면 먹방입니다!!,"Apr 6, 2025",730,270
2025-05-19,6dcaG1CS6G0,1시간 숙성 짜장면 먹방입니다!!,"Apr 6, 2025",730,306
2025-05-20,6dcaG1CS6G0,1시간 숙성 짜장면 먹방입니다!!,"Apr 6, 2025",730,300
2025-05-21,6dcaG1CS6G0,1시간 숙성 짜장면 먹방입니다!!,"Apr 6, 2025",730,241
2025-05-22,6dcaG1CS6G0,1시간 숙성 짜장면 먹방입니다!!,"Apr 6, 2025",730,388
2025-05-23,6dcaG1CS6G0,1시간 숙성 짜장면 먹방입니다!!,"Apr 6, 2025",730,229
2025-05-24,6dcaG1CS6G0,1시간 숙성 짜장면 먹방입니다!!,"Apr 6, 2025",730,230
2025-05-25,6dcaG1CS6G0,1시간 숙성 짜장면 먹방입니다!!,"Apr 6, 2025",730,212
2025-05-26,6dcaG1CS6G0,1시간 숙성 짜장면 먹방입니다!!,"Apr 6, 2025",730,190
2025-05-27,6dcaG1CS6G0,1시간 숙성 짜장면 먹방입니다!!,"Apr 6, 2025",730,206
2025-05-28,6dcaG1CS6G0,1시간 숙성 짜장면 먹방입니다!!,"Apr 6, 2025",730,156
2025-05-29,6dcaG1CS6G0,1시간 숙성 짜장면 먹방입니다!!,"Apr 6, 2025",730,193
2025-05-30,6dcaG1CS6G0,1시간 숙성 짜장면 먹방입니다!!,"Apr 6, 2025",730,166
2025-05-31,6dcaG1CS6G0,1시간 숙성 짜장면 먹방입니다!!,"Apr 6, 2025",730,148
2025-06-01,6dcaG1CS6G0,1시간 숙성 짜장면 먹방입니다!!,"Apr 6, 2025",730,138
2025-06-02,6dcaG1CS6G0,1시간 숙성 짜장면 먹방입니다!!,"Apr 6, 2025",730,155
2025-06-03,6dcaG1CS6G0,1시간 숙성 짜장면 먹방입니다!!,"Apr 6, 2025",730,171
2025-06-04,6dcaG1CS6G0,1시간 숙성 짜장면 먹방입니다!!,"Apr 6, 2025",730,167
2025-06-05,6dcaG1CS6G0,1시간 숙성 짜장면 먹방입니다!!,"Apr 6, 2025",730,121
2025-06-06,6dcaG1CS6G0,1시간 숙성 짜장면 먹방입니다!!,"Apr 6, 2025",730,142
2025-06-07,6dcaG1CS6G0,1시간 숙성 짜장면 먹방입니다!!,"Apr 6, 2025",730,139
2025-06-08,6dcaG1CS6G0,1시간 숙성 짜장면 먹방입니다!!,"Apr 6, 2025",730,162
2025-06-09,6dcaG1CS6G0,1시간 숙성 짜장면 먹방입니다!!,"Apr 6, 2025",730,121
2025-06-10,6dcaG1CS6G0,1시간 숙성 짜장면 먹방입니다!!,"Apr 6, 2025",730,154
2025-06-11,6dcaG1CS6G0,1시간 숙성 짜장면 먹방입니다!!,"Apr 6, 2025",730,103
2025-06-12,6dcaG1CS6G0,1시간 숙성 짜장면 먹방입니다!!,"Apr 6, 2025",730,124
2025-06-13,6dcaG1CS6G0,1시간 숙성 짜장면 먹방입니다!!,"Apr 6, 2025",730,173
2025-06-14,6dcaG1CS6G0,1시간 숙성 짜장면 먹방입니다!!,"Apr 6, 2025",730,192
2025-06-15,6dcaG1CS6G0,1시간 숙성 짜장면 먹방입니다!!,"Apr 6, 2025",730,171
2025-06-16,6dcaG1CS6G0,1시간 숙성 짜장면 먹방입니다!!,"Apr 6, 2025",730,191
2025-06-17,6dcaG1CS6G0,1시간 숙성 짜장면 먹방입니다!!,"Apr 6, 2025",730,247
2025-06-18,6dcaG1CS6G0,1시간 숙성 짜장면 먹방입니다!!,"Apr 6, 2025",730,183
2025-06-19,6dcaG1CS6G0,1시간 숙성 짜장면 먹방입니다!!,"Apr 6, 2025",730,156
2025-06-20,6dcaG1CS6G0,1시간 숙성 짜장면 먹방입니다!!,"Apr 6, 2025",730,201
2025-06-21,6dcaG1CS6G0,1시간 숙성 짜장면 먹방입니다!!,"Apr 6, 2025",730,277
2025-06-22,6dcaG1CS6G0,1시간 숙성 짜장면 먹방입니다!!,"Apr 6, 2025",730,185
2025-06-23,6dcaG1CS6G0,1시간 숙성 짜장면 먹방입니다!!,"Apr 6, 2025",730,127
2025-06-24,6dcaG1CS6G0,1시간 숙성 짜장면 먹방입니다!!,"Apr 6, 2025",730,140
2025-06-25,6dcaG1CS6G0,1시간 숙성 짜장면 먹방입니다!!,"Apr 6, 2025",730,96
2025-06-26,6dcaG1CS6G0,1시간 숙성 짜장면 먹방입니다!!,"Apr 6, 2025",730,79
2025-06-27,6dcaG1CS6G0,1시간 숙성 짜장면 먹방입니다!!,"Apr 6, 2025",730,114
2025-03-30,FdPYXhlk3t8,치킨 더 맛있게 먹는 방법 #치킨,"May 24, 2025",22,0
2025-03-31,FdPYXhlk3t8,치킨 더 맛있게 먹는 방법 #치킨,"May 24, 2025",22,0
2025-04-01,FdPYXhlk3t8,치킨 더 맛있게 먹는 방법 #치킨,"May 24, 2025",22,0
2025-04-02,FdPYXhlk3t8,치킨 더 맛있게 먹는 방법 #치킨,"May 24, 2025",22,0
2025-04-03,FdPYXhlk3t8,치킨 더 맛있게 먹는 방법 #치킨,"May 24, 2025",22,0
2025-04-04,FdPYXhlk3t8,치킨 더 맛있게 먹는 방법 #치킨,"May 24, 2025",22,0
2025-04-05,FdPYXhlk3t8,치킨 더 맛있게 먹는 방법 #치킨,"May 24, 2025",22,0
2025-04-06,FdPYXhlk3t8,치킨 더 맛있게 먹는 방법 #치킨,"May 24, 2025",22,0
2025-04-07,FdPYXhlk3t8,치킨 더 맛있게 먹는 방법 #치킨,"May 24, 2025",22,0
2025-04-08,FdPYXhlk3t8,치킨 더 맛있게 먹는 방법 #치킨,"May 24, 2025",22,0
2025-04-09,FdPYXhlk3t8,치킨 더 맛있게 먹는 방법 #치킨,"May 24, 2025",22,0
2025-04-10,FdPYXhlk3t8,치킨 더 맛있게 먹는 방법 #치킨,"May 24, 2025",22,0
2025-04-11,FdPYXhlk3t8,치킨 더 맛있게 먹는 방법 #치킨,"May 24, 2025",22,0
2025-04-12,FdPYXhlk3t8,치킨 더 맛있게 먹는 방법 #치킨,"May 24, 2025",22,0
2025-04-13,FdPYXhlk3t8,치킨 더 맛있게 먹는 방법 #치킨,"May 24, 2025",22,0
2025-04-14,FdPYXhlk3t8,치킨 더 맛있게 먹는 방법 #치킨,"May 24, 2025",22,0
2025-04-15,FdPYXhlk3t8,치킨 더 맛있게 먹는 방법 #치킨,"May 24, 2025",22,0
2025-04-16,FdPYXhlk3t8,치킨 더 맛있게 먹는 방법 #치킨,"May 24, 2025",22,0
2025-04-17,FdPYXhlk3t8,치킨 더 맛있게 먹는 방법 #치킨,"May 24, 2025",22,0
2025-04-18,FdPYXhlk3t8,치킨 더 맛있게 먹는 방법 #치킨,"May 24, 2025",22,0
2025-04-19,FdPYXhlk3t8,치킨 더 맛있게 먹는 방법 #치킨,"May 24, 2025",22,0
2025-04-20,FdPYXhlk3t8,치킨 더 맛있게 먹는 방법 #치킨,"May 24, 2025",22,0
2025-04-21,FdPYXhlk3t8,치킨 더 맛있게 먹는 방법 #치킨,"May 24, 2025",22,0
2025-04-22,FdPYXhlk3t8,치킨 더 맛있게 먹는 방법 #치킨,"May 24, 2025",22,0
2025-04-23,FdPYXhlk3t8,치킨 더 맛있게 먹는 방법 #치킨,"May 24, 2025",22,0
2025-04-24,FdPYXhlk3t8,치킨 더 맛있게 먹는 방법 #치킨,"May 24, 2025",22,0
2025-04-25,FdPYXhlk3t8,치킨 더 맛있게 먹는 방법 #치킨,"May 24, 2025",22,0
2025-04-26,FdPYXhlk3t8,치킨 더 맛있게 먹는 방법 #치킨,"May 24, 2025",22,0
2025-04-27,FdPYXhlk3t8,치킨 더 맛있게 먹는 방법 #치킨,"May 24, 2025",22,0
2025-04-28,FdPYXhlk3t8,치킨 더 맛있게 먹는 방법 #치킨,"May 24, 2025",22,0
2025-04-29,FdPYXhlk3t8,치킨 더 맛있게 먹는 방법 #치킨,"May 24, 2025",22,0
2025-04-30,FdPYXhlk3t8,치킨 더 맛있게 먹는 방법 #치킨,"May 24, 2025",22,0
2025-05-01,FdPYXhlk3t8,치킨 더 맛있게 먹는 방법 #치킨,"May 24, 2025",22,0
2025-05-02,FdPYXhlk3t8,치킨 더 맛있게 먹는 방법 #치킨,"May 24, 2025",22,0
2025-05-03,FdPYXhlk3t8,치킨 더 맛있게 먹는 방법 #치킨,"May 24, 2025",22,0
2025-05-04,FdPYXhlk3t8,치킨 더 맛있게 먹는 방법 #치킨,"May 24, 2025",22,0
2025-05-05,FdPYXhlk3t8,치킨 더 맛있게 먹는 방법 #치킨,"May 24, 2025",22,0
2025-05-06,FdPYXhlk3t8,치킨 더 맛있게 먹는 방법 #치킨,"May 24, 2025",22,0
2025-05-07,FdPYXhlk3t8,치킨 더 맛있게 먹는 방법 #치킨,"May 24, 2025",22,0
2025-05-08,FdPYXhlk3t8,치킨 더 맛있게 먹는 방법 #치킨,"May 24, 2025",22,0
2025-05-09,FdPYXhlk3t8,치킨 더 맛있게 먹는 방법 #치킨,"May 24, 2025",22,0
2025-05-10,FdPYXhlk3t8,치킨 더 맛있게 먹는 방법 #치킨,"May 24, 2025",22,0
2025-05-11,FdPYXhlk3t8,치킨 더 맛있게 먹는 방법 #치킨,"May 24, 2025",22,0
2025-05-12,FdPYXhlk3t8,치킨 더 맛있게 먹는 방법 #치킨,"May 24, 2025",22,0
2025-05-13,FdPYXhlk3t8,치킨 더 맛있게 먹는 방법 #치킨,"May 24, 2025",22,0
2025-05-14,FdPYXhlk3t8,치킨 더 맛있게 먹는 방법 #치킨,"May 24, 2025",22,0
2025-05-15,FdPYXhlk3t8,치킨 더 맛있게 먹는 방법 #치킨,"May 24, 2025",22,0
2025-05-16,FdPYXhlk3t8,치킨 더 맛있게 먹는 방법 #치킨,"May 24, 2025",22,0
2025-05-17,FdPYXhlk3t8,치킨 더 맛있게 먹는 방법 #치킨,"May 24, 2025",22,0
2025-05-18,FdPYXhlk3t8,치킨 더 맛있게 먹는 방법 #치킨,"May 24, 2025",22,0
2025-05-19,FdPYXhlk3t8,치킨 더 맛있게 먹는 방법 #치킨,"May 24, 2025",22,0
2025-05-20,FdPYXhlk3t8,치킨 더 맛있게 먹는 방법 #치킨,"May 24, 2025",22,0
2025-05-21,FdPYXhlk3t8,치킨 더 맛있게 먹는 방법 #치킨,"May 24, 2025",22,0
2025-05-22,FdPYXhlk3t8,치킨 더 맛있게 먹는 방법 #치킨,"May 24, 2025",22,0
2025-05-23,FdPYXhlk3t8,치킨 더 맛있게 먹는 방법 #치킨,"May 24, 2025",22,7
2025-05-24,FdPYXhlk3t8,치킨 더 맛있게 먹는 방법 #치킨,"May 24, 2025",22,56970
2025-05-25,FdPYXhlk3t8,치킨 더 맛있게 먹는 방법 #치킨,"May 24, 2025",22,28727
2025-05-26,FdPYXhlk3t8,치킨 더 맛있게 먹는 방법 #치킨,"May 24, 2025",22,17598
2025-05-27,FdPYXhlk3t8,치킨 더 맛있게 먹는 방법 #치킨,"May 24, 2025",22,12948
2025-05-28,FdPYXhlk3t8,치킨 더 맛있게 먹는 방법 #치킨,"May 24, 2025",22,6716
2025-05-29,FdPYXhlk3t8,치킨 더 맛있게 먹는 방법 #치킨,"May 24, 2025",22,4034
2025-05-30,FdPYXhlk3t8,치킨 더 맛있게 먹는 방법 #치킨,"May 24, 2025",22,2157
2025-05-31,FdPYXhlk3t8,치킨 더 맛있게 먹는 방법 #치킨,"May 24, 2025",22,972
2025-06-01,FdPYXhlk3t8,치킨 더 맛있게 먹는 방법 #치킨,"May 24, 2025",22,856
2025-06-02,FdPYXhlk3t8,치킨 더 맛있게 먹는 방법 #치킨,"May 24, 2025",22,1221
2025-06-03,FdPYXhlk3t8,치킨 더 맛있게 먹는 방법 #치킨,"May 24, 2025",22,538
2025-06-04,FdPYXhlk3t8,치킨 더 맛있게 먹는 방법 #치킨,"May 24, 2025",22,464
2025-06-05,FdPYXhlk3t8,치킨 더 맛있게 먹는 방법 #치킨,"May 24, 2025",22,426
2025-06-06,FdPYXhlk3t8,치킨 더 맛있게 먹는 방법 #치킨,"May 24, 2025",22,358
2025-06-07,FdPYXhlk3t8,치킨 더 맛있게 먹는 방법 #치킨,"May 24, 2025",22,320
2025-06-08,FdPYXhlk3t8,치킨 더 맛있게 먹는 방법 #치킨,"May 24, 2025",22,369
2025-06-09,FdPYXhlk3t8,치킨 더 맛있게 먹는 방법 #치킨,"May 24, 2025",22,300
2025-06-10,FdPYXhlk3t8,치킨 더 맛있게 먹는 방법 #치킨,"May 24, 2025",22,282
2025-06-11,FdPYXhlk3t8,치킨 더 맛있게 먹는 방법 #치킨,"May 24, 2025",22,322
2025-06-12,FdPYXhlk3t8,치킨 더 맛있게 먹는 방법 #치킨,"May 24, 2025",22,279
2025-06-13,FdPYXhlk3t8,치킨 더 맛있게 먹는 방법 #치킨,"May 24, 2025",22,431
2025-06-14,FdPYXhlk3t8,치킨 더 맛있게 먹는 방법 #치킨,"May 24, 2025",22,225
2025-06-15,FdPYXhlk3t8,치킨 더 맛있게 먹는 방법 #치킨,"May 24, 2025",22,239
2025-06-16,FdPYXhlk3t8,치킨 더 맛있게 먹는 방법 #치킨,"May 24, 2025",22,227
2025-06-17,FdPYXhlk3t8,치킨 더 맛있게 먹는 방법 #치킨,"May 24, 2025",22,197
2025-06-18,FdPYXhlk3t8,치킨 더 맛있게 먹는 방법 #치킨,"May 24, 2025",22,158
2025-06-19,FdPYXhlk3t8,치킨 더 맛있게 먹는 방법 #치킨,"May 24, 2025",22,216
2025-06-20,FdPYXhlk3t8,치킨 더 맛있게 먹는 방법 #치킨,"May 24, 2025",22,233
2025-06-21,FdPYXhlk3t8,치킨 더 맛있게 먹는 방법 #치킨,"May 24, 2025",22,224
2025-06-22,FdPYXhlk3t8,치킨 더 맛있게 먹는 방법 #치킨,"May 24, 2025",22,156
2025-06-23,FdPYXhlk3t8,치킨 더 맛있게 먹는 방법 #치킨,"May 24, 2025",22,184
2025-06-24,FdPYXhlk3t8,치킨 더 맛있게 먹는 방법 #치킨,"May 24, 2025",22,173
2025-06-25,FdPYXhlk3t8,치킨 더 맛있게 먹는 방법 #치킨,"May 24, 2025",22,197
2025-06-26,FdPYXhlk3t8,치킨 더 맛있게 먹는 방법 #치킨,"May 24, 2025",22,189
2025-06-27,FdPYXhlk3t8,치킨 더 맛있게 먹는 방법 #치킨,"May 24, 2025",22,186
2025-03-30,mo3sIjjV2JQ,라떼의 군대리아 교본,"Feb 3, 2023",54,187704
2025-03-31,mo3sIjjV2JQ,라떼의 군대리아 교본,"Feb 3, 2023",54,304473
2025-04-01,mo3sIjjV2JQ,라떼의 군대리아 교본,"Feb 3, 2023",54,295274
2025-04-02,mo3sIjjV2JQ,라떼의 군대리아 교본,"Feb 3, 2023",54,312423
2025-04-03,mo3sIjjV2JQ,라떼의 군대리아 교본,"Feb 3, 2023",54,211147
2025-04-04,mo3sIjjV2JQ,라떼의 군대리아 교본,"Feb 3, 2023",54,110265
2025-04-05,mo3sIjjV2JQ,라떼의 군대리아 교본,"Feb 3, 2023",54,109984
2025-04-06,mo3sIjjV2JQ,라떼의 군대리아 교본,"Feb 3, 2023",54,133610
2025-04-07,mo3sIjjV2JQ,라떼의 군대리아 교본,"Feb 3, 2023",54,61613
2025-04-08,mo3sIjjV2JQ,라떼의 군대리아 교본,"Feb 3, 2023",54,35793
2025-04-09,mo3sIjjV2JQ,라떼의 군대리아 교본,"Feb 3, 2023",54,38093
2025-04-10,mo3sIjjV2JQ,라떼의 군대리아 교본,"Feb 3, 2023",54,30050
2025-04-11,mo3sIjjV2JQ,라떼의 군대리아 교본,"Feb 3, 2023",54,13173
2025-04-12,mo3sIjjV2JQ,라떼의 군대리아 교본,"Feb 3, 2023",54,14265
2025-04-13,mo3sIjjV2JQ,라떼의 군대리아 교본,"Feb 3, 2023",54,20724
2025-04-14,mo3sIjjV2JQ,라떼의 군대리아 교본,"Feb 3, 2023",54,18633
2025-04-15,mo3sIjjV2JQ,라떼의 군대리아 교본,"Feb 3, 2023",54,36171
2025-04-16,mo3sIjjV2JQ,라떼의 군대리아 교본,"Feb 3, 2023",54,24373
2025-04-17,mo3sIjjV2JQ,라떼의 군대리아 교본,"Feb 3, 2023",54,27697
2025-04-18,mo3sIjjV2JQ,라떼의 군대리아 교본,"Feb 3, 2023",54,20295
2025-04-19,mo3sIjjV2JQ,라떼의 군대리아 교본,"Feb 3, 2023",54,31192
2025-04-20,mo3sIjjV2JQ,라떼의 군대리아 교본,"Feb 3, 2023",54,17110
2025-04-21,mo3sIjjV2JQ,라떼의 군대리아 교본,"Feb 3, 2023",54,33978
2025-04-22,mo3sIjjV2JQ,라떼의 군대리아 교본,"Feb 3, 2023",54,33895
2025-04-23,mo3sIjjV2JQ,라떼의 군대리아 교본,"Feb 3, 2023",54,37729
2025-04-24,mo3sIjjV2JQ,라떼의 군대리아 교본,"Feb 3, 2023",54,23710
2025-04-25,mo3sIjjV2JQ,라떼의 군대리아 교본,"Feb 3, 2023",54,16249
2025-04-26,mo3sIjjV2JQ,라떼의 군대리아 교본,"Feb 3, 2023",54,10710
2025-04-27,mo3sIjjV2JQ,라떼의 군대리아 교본,"Feb 3, 2023",54,8960
2025-04-28,mo3sIjjV2JQ,라떼의 군대리아 교본,"Feb 3, 2023",54,10353
2025-04-29,mo3sIjjV2JQ,라떼의 군대리아 교본,"Feb 3, 2023",54,4885
2025-04-30,mo3sIjjV2JQ,라떼의 군대리아 교본,"Feb 3, 2023",54,9555
2025-05-01,mo3sIjjV2JQ,라떼의 군대리아 교본,"Feb 3, 2023",54,9053
2025-05-02,mo3sIjjV2JQ,라떼의 군대리아 교본,"Feb 3, 2023",54,7845
2025-05-03,mo3sIjjV2JQ,라떼의 군대리아 교본,"Feb 3, 2023",54,8454
2025-05-04,mo3sIjjV2JQ,라떼의 군대리아 교본,"Feb 3, 2023",54,8761
2025-05-05,mo3sIjjV2JQ,라떼의 군대리아 교본,"Feb 3, 2023",54,6220
2025-05-06,mo3sIjjV2JQ,라떼의 군대리아 교본,"Feb 3, 2023",54,3935
2025-05-07,mo3sIjjV2JQ,라떼의 군대리아 교본,"Feb 3, 2023",54,3954
2025-05-08,mo3sIjjV2JQ,라떼의 군대리아 교본,"Feb 3, 2023",54,2772
2025-05-09,mo3sIjjV2JQ,라떼의 군대리아 교본,"Feb 3, 2023",54,6096
2025-05-10,mo3sIjjV2JQ,라떼의 군대리아 교본,"Feb 3, 2023",54,6303
2025-05-11,mo3sIjjV2JQ,라떼의 군대리아 교본,"Feb 3, 2023",54,2740
2025-05-12,mo3sIjjV2JQ,라떼의 군대리아 교본,"Feb 3, 2023",54,6209
2025-05-13,mo3sIjjV2JQ,라떼의 군대리아 교본,"Feb 3, 2023",54,5230
2025-05-14,mo3sIjjV2JQ,라떼의 군대리아 교본,"Feb 3, 2023",54,2610
2025-05-15,mo3sIjjV2JQ,라떼의 군대리아 교본,"Feb 3, 2023",54,2201
2025-05-16,mo3sIjjV2JQ,라떼의 군대리아 교본,"Feb 3, 2023",54,5671
2025-05-17,mo3sIjjV2JQ,라떼의 군대리아 교본,"Feb 3, 2023",54,2904
2025-05-18,mo3sIjjV2JQ,라떼의 군대리아 교본,"Feb 3, 2023",54,4477
2025-05-19,mo3sIjjV2JQ,라떼의 군대리아 교본,"Feb 3, 2023",54,4363
2025-05-20,mo3sIjjV2JQ,라떼의 군대리아 교본,"Feb 3, 2023",54,3244
2025-05-21,mo3sIjjV2JQ,라떼의 군대리아 교본,"Feb 3, 2023",54,2489
2025-05-22,mo3sIjjV2JQ,라떼의 군대리아 교본,"Feb 3, 2023",54,1604
2025-05-23,mo3sIjjV2JQ,라떼의 군대리아 교본,"Feb 3, 2023",54,2044
2025-05-24,mo3sIjjV2JQ,라떼의 군대리아 교본,"Feb 3, 2023",54,3227
2025-05-25,mo3sIjjV2JQ,라떼의 군대리아 교본,"Feb 3, 2023",54,2927
2025-05-26,mo3sIjjV2JQ,라떼의 군대리아 교본,"Feb 3, 2023",54,1849
2025-05-27,mo3sIjjV2JQ,라떼의 군대리아 교본,"Feb 3, 2023",54,2474
2025-05-28,mo3sIjjV2JQ,라떼의 군대리아 교본,"Feb 3, 2023",54,2070
2025-05-29,mo3sIjjV2JQ,라떼의 군대리아 교본,"Feb 3, 2023",54,3285
2025-05-30,mo3sIjjV2JQ,라떼의 군대리아 교본,"Feb 3, 2023",54,2806
2025-05-31,mo3sIjjV2JQ,라떼의 군대리아 교본,"Feb 3, 2023",54,2363
2025-06-01,mo3sIjjV2JQ,라떼의 군대리아 교본,"Feb 3, 2023",54,2066
2025-06-02,mo3sIjjV2JQ,라떼의 군대리아 교본,"Feb 3, 2023",54,1942
2025-06-03,mo3sIjjV2JQ,라떼의 군대리아 교본,"Feb 3, 2023",54,2338
2025-06-04,mo3sIjjV2JQ,라떼의 군대리아 교본,"Feb 3, 2023",54,1796
2025-06-05,mo3sIjjV2JQ,라떼의 군대리아 교본,"Feb 3, 2023",54,2207
2025-06-06,mo3sIjjV2JQ,라떼의 군대리아 교본,"Feb 3, 2023",54,2392
2025-06-07,mo3sIjjV2JQ,라떼의 군대리아 교본,"Feb 3, 2023",54,5142
2025-06-08,mo3sIjjV2JQ,라떼의 군대리아 교본,"Feb 3, 2023",54,1589
2025-06-09,mo3sIjjV2JQ,라떼의 군대리아 교본,"Feb 3, 2023",54,1310
2025-06-10,mo3sIjjV2JQ,라떼의 군대리아 교본,"Feb 3, 2023",54,2591
2025-06-11,mo3sIjjV2JQ,라떼의 군대리아 교본,"Feb 3, 2023",54,1381
2025-06-12,mo3sIjjV2JQ,라떼의 군대리아 교본,"Feb 3, 2023",54,1582
2025-06-13,mo3sIjjV2JQ,라떼의 군대리아 교본,"Feb 3, 2023",54,1306
2025-06-14,mo3sIjjV2JQ,라떼의 군대리아 교본,"Feb 3, 2023",54,1246
2025-06-15,mo3sIjjV2JQ,라떼의 군대리아 교본,"Feb 3, 2023",54,1234
2025-06-16,mo3sIjjV2JQ,라떼의 군대리아 교본,"Feb 3, 2023",54,1085
2025-06-17,mo3sIjjV2JQ,라떼의 군대리아 교본,"Feb 3, 2023",54,1110
2025-06-18,mo3sIjjV2JQ,라떼의 군대리아 교본,"Feb 3, 2023",54,1267
2025-06-19,mo3sIjjV2JQ,라떼의 군대리아 교본,"Feb 3, 2023",54,1178
2025-06-20,mo3sIjjV2JQ,라떼의 군대리아 교본,"Feb 3, 2023",54,1386
2025-06-21,mo3sIjjV2JQ,라떼의 군대리아 교본,"Feb 3, 2023",54,1279
2025-06-22,mo3sIjjV2JQ,라떼의 군대리아 교본,"Feb 3, 2023",54,1161
2025-06-23,mo3sIjjV2JQ,라떼의 군대리아 교본,"Feb 3, 2023",54,1421
2025-06-24,mo3sIjjV2JQ,라떼의 군대리아 교본,"Feb 3, 2023",54,1387
2025-06-25,mo3sIjjV2JQ,라떼의 군대리아 교본,"Feb 3, 2023",54,1298
2025-06-26,mo3sIjjV2JQ,라떼의 군대리아 교본,"Feb 3, 2023",54,1065
2025-06-27,mo3sIjjV2JQ,라떼의 군대리아 교본,"Feb 3, 2023",54,1247
2025-03-30,onKX58reXbs,키티그림자 만드는 방법,"May 27, 2025",22,0
2025-03-31,onKX58reXbs,키티그림자 만드는 방법,"May 27, 2025",22,0
2025-04-01,onKX58reXbs,키티그림자 만드는 방법,"May 27, 2025",22,0
2025-04-02,onKX58reXbs,키티그림자 만드는 방법,"May 27, 2025",22,0
2025-04-03,onKX58reXbs,키티그림자 만드는 방법,"May 27, 2025",22,0
2025-04-04,onKX58reXbs,키티그림자 만드는 방법,"May 27, 2025",22,0
2025-04-05,onKX58reXbs,키티그림자 만드는 방법,"May 27, 2025",22,0
2025-04-06,onKX58reXbs,키티그림자 만드는 방법,"May 27, 2025",22,0
2025-04-07,onKX58reXbs,키티그림자 만드는 방법,"May 27, 2025",22,0
2025-04-08,onKX58reXbs,키티그림자 만드는 방법,"May 27, 2025",22,0
2025-04-09,onKX58reXbs,키티그림자 만드는 방법,"May 27, 2025",22,0
2025-04-10,onKX58reXbs,키티그림자 만드는 방법,"May 27, 2025",22,0
2025-04-11,onKX58reXbs,키티그림자 만드는 방법,"May 27, 2025",22,0
2025-04-12,onKX58reXbs,키티그림자 만드는 방법,"May 27, 2025",22,0
2025-04-13,onKX58reXbs,키티그림자 만드는 방법,"May 27, 2025",22,0
2025-04-14,onKX58reXbs,키티그림자 만드는 방법,"May 27, 2025",22,0
2025-04-15,onKX58reXbs,키티그림자 만드는 방법,"May 27, 2025",22,0
2025-04-16,onKX58reXbs,키티그림자 만드는 방법,"May 27, 2025",22,0
2025-04-17,onKX58reXbs,키티그림자 만드는 방법,"May 27, 2025",22,0
2025-04-18,onKX58reXbs,키티그림자 만드는 방법,"May 27, 2025",22,0
2025-04-19,onKX58reXbs,키티그림자 만드는 방법,"May 27, 2025",22,0
2025-04-20,onKX58reXbs,키티그림자 만드는 방법,"May 27, 2025",22,0
2025-04-21,onKX58reXbs,키티그림자 만드는 방법,"May 27, 2025",22,0
2025-04-22,onKX58reXbs,키티그림자 만드는 방법,"May 27, 2025",22,0
2025-04-23,onKX58reXbs,키티그림자 만드는 방법,"May 27, 2025",22,0
2025-04-24,onKX58reXbs,키티그림자 만드는 방법,"May 27, 2025",22,0
2025-04-25,onKX58reXbs,키티그림자 만드는 방법,"May 27, 2025",22,0
2025-04-26,onKX58reXbs,키티그림자 만드는 방법,"May 27, 2025",22,0
2025-04-27,onKX58reXbs,키티그림자 만드는 방법,"May 27, 2025",22,0
2025-04-28,onKX58reXbs,키티그림자 만드는 방법,"May 27, 2025",22,0
2025-04-29,onKX58reXbs,키티그림자 만드는 방법,"May 27, 2025",22,0
2025-04-30,onKX58reXbs,키티그림자 만드는 방법,"May 27, 2025",22,0
2025-05-01,onKX58reXbs,키티그림자 만드는 방법,"May 27, 2025",22,0
2025-05-02,onKX58reXbs,키티그림자 만드는 방법,"May 27, 2025",22,0
2025-05-03,onKX58reXbs,키티그림자 만드는 방법,"May 27, 2025",22,0
2025-05-04,onKX58reXbs,키티그림자 만드는 방법,"May 27, 2025",22,0
2025-05-05,onKX58reXbs,키티그림자 만드는 방법,"May 27, 2025",22,0
2025-05-06,onKX58reXbs,키티그림자 만드는 방법,"May 27, 2025",22,0
2025-05-07,onKX58reXbs,키티그림자 만드는 방법,"May 27, 2025",22,0
2025-05-08,onKX58reXbs,키티그림자 만드는 방법,"May 27, 2025",22,0
2025-05-09,onKX58reXbs,키티그림자 만드는 방법,"May 27, 2025",22,0
2025-05-10,onKX58reXbs,키티그림자 만드는 방법,"May 27, 2025",22,0
2025-05-11,onKX58reXbs,키티그림자 만드는 방법,"May 27, 2025",22,0
2025-05-12,onKX58reXbs,키티그림자 만드는 방법,"May 27, 2025",22,0
2025-05-13,onKX58reXbs,키티그림자 만드는 방법,"May 27, 2025",22,0
2025-05-14,onKX58reXbs,키티그림자 만드는 방법,"May 27, 2025",22,0
2025-05-15,onKX58reXbs,키티그림자 만드는 방법,"May 27, 2025",22,0
2025-05-16,onKX58reXbs,키티그림자 만드는 방법,"May 27, 2025",22,0
2025-05-17,onKX58reXbs,키티그림자 만드는 방법,"May 27, 2025",22,0
2025-05-18,onKX58reXbs,키티그림자 만드는 방법,"May 27, 2025",22,0
2025-05-19,onKX58reXbs,키티그림자 만드는 방법,"May 27, 2025",22,0
2025-05-20,onKX58reXbs,키티그림자 만드는 방법,"May 27, 2025",22,0
2025-05-21,onKX58reXbs,키티그림자 만드는 방법,"May 27, 2025",22,0
2025-05-22,onKX58reXbs,키티그림자 만드는 방법,"May 27, 2025",22,0
2025-05-23,onKX58reXbs,키티그림자 만드는 방법,"May 27, 2025",22,4
2025-05-24,onKX58reXbs,키티그림자 만드는 방법,"May 27, 2025",22,0
2025-05-25,onKX58reXbs,키티그림자 만드는 방법,"May 27, 2025",22,5
2025-05-26,onKX58reXbs,키티그림자 만드는 방법,"May 27, 2025",22,8
2025-05-27,onKX58reXbs,키티그림자 만드는 방법,"May 27, 2025",22,139673
2025-05-28,onKX58reXbs,키티그림자 만드는 방법,"May 27, 2025",22,37001
2025-05-29,onKX58reXbs,키티그림자 만드는 방법,"May 27, 2025",22,11388
2025-05-30,onKX58reXbs,키티그림자 만드는 방법,"May 27, 2025",22,3918
2025-05-31,onKX58reXbs,키티그림자 만드는 방법,"May 27, 2025",22,4184
2025-06-01,onKX58reXbs,키티그림자 만드는 방법,"May 27, 2025",22,1666
2025-06-02,onKX58reXbs,키티그림자 만드는 방법,"May 27, 2025",22,5014
2025-06-03,onKX58reXbs,키티그림자 만드는 방법,"May 27, 2025",22,879
2025-06-04,onKX58reXbs,키티그림자 만드는 방법,"May 27, 2025",22,430
2025-06-05,onKX58reXbs,키티그림자 만드는 방법,"May 27, 2025",22,431
2025-06-06,onKX58reXbs,키티그림자 만드는 방법,"May 27, 2025",22,423
2025-06-07,onKX58reXbs,키티그림자 만드는 방법,"May 27, 2025",22,427
2025-06-08,onKX58reXbs,키티그림자 만드는 방법,"May 27, 2025",22,402
2025-06-09,onKX58reXbs,키티그림자 만드는 방법,"May 27, 2025",22,314
2025-06-10,onKX58reXbs,키티그림자 만드는 방법,"May 27, 2025",22,276
2025-06-11,onKX58reXbs,키티그림자 만드는 방법,"May 27, 2025",22,343
2025-06-12,onKX58reXbs,키티그림자 만드는 방법,"May 27, 2025",22,267
2025-06-13,onKX58reXbs,키티그림자 만드는 방법,"May 27, 2025",22,483
2025-06-14,onKX58reXbs,키티그림자 만드는 방법,"May 27, 2025",22,281
2025-06-15,onKX58reXbs,키티그림자 만드는 방법,"May 27, 2025",22,250
2025-06-16,onKX58reXbs,키티그림자 만드는 방법,"May 27, 2025",22,222
2025-06-17,onKX58reXbs,키티그림자 만드는 방법,"May 27, 2025",22,205
2025-06-18,onKX58reXbs,키티그림자 만드는 방법,"May 27, 2025",22,160
2025-06-19,onKX58reXbs,키티그림자 만드는 방법,"May 27, 2025",22,165
2025-06-20,onKX58reXbs,키티그림자 만드는 방법,"May 27, 2025",22,204
2025-06-21,onKX58reXbs,키티그림자 만드는 방법,"May 27, 2025",22,173
2025-06-22,onKX58reXbs,키티그림자 만드는 방법,"May 27, 2025",22,134
2025-06-23,onKX58reXbs,키티그림자 만드는 방법,"May 27, 2025",22,130
2025-06-24,onKX58reXbs,키티그림자 만드는 방법,"May 27, 2025",22,122
2025-06-25,onKX58reXbs,키티그림자 만드는 방법,"May 27, 2025",22,115
2025-06-26,onKX58reXbs,키티그림자 만드는 방법,"May 27, 2025",22,128
2025-06-27,onKX58reXbs,키티그림자 만드는 방법,"May 27, 2025",22,97
2025-03-30,qyyatcs_erg,누가 범인일까요?,"May 1, 2025",28,0
2025-03-31,qyyatcs_erg,누가 범인일까요?,"May 1, 2025",28,0
2025-04-01,qyyatcs_erg,누가 범인일까요?,"May 1, 2025",28,0
2025-04-02,qyyatcs_erg,누가 범인일까요?,"May 1, 2025",28,0
2025-04-03,qyyatcs_erg,누가 범인일까요?,"May 1, 2025",28,0
2025-04-04,qyyatcs_erg,누가 범인일까요?,"May 1, 2025",28,0
2025-04-05,qyyatcs_erg,누가 범인일까요?,"May 1, 2025",28,0
2025-04-06,qyyatcs_erg,누가 범인일까요?,"May 1, 2025",28,0
2025-04-07,qyyatcs_erg,누가 범인일까요?,"May 1, 2025",28,0
2025-04-08,qyyatcs_erg,누가 범인일까요?,"May 1, 2025",28,0
2025-04-09,qyyatcs_erg,누가 범인일까요?,"May 1, 2025",28,0
2025-04-10,qyyatcs_erg,누가 범인일까요?,"May 1, 2025",28,0
2025-04-11,qyyatcs_erg,누가 범인일까요?,"May 1, 2025",28,0
2025-04-12,qyyatcs_erg,누가 범인일까요?,"May 1, 2025",28,0
2025-04-13,qyyatcs_erg,누가 범인일까요?,"May 1, 2025",28,0
2025-04-14,qyyatcs_erg,누가 범인일까요?,"May 1, 2025",28,0
2025-04-15,qyyatcs_erg,누가 범인일까요?,"May 1, 2025",28,0
2025-04-16,qyyatcs_erg,누가 범인일까요?,"May 1, 2025",28,0
2025-04-17,qyyatcs_erg,누가 범인일까요?,"May 1, 2025",28,0
2025-04-18,qyyatcs_erg,누가 범인일까요?,"May 1, 2025",28,0
2025-04-19,qyyatcs_erg,누가 범인일까요?,"May 1, 2025",28,0
2025-04-20,qyyatcs_erg,누가 범인일까요?,"May 1, 2025",28,0
2025-04-21,qyyatcs_erg,누가 범인일까요?,"May 1, 2025",28,0
2025-04-22,qyyatcs_erg,누가 범인일까요?,"May 1, 2025",28,0
2025-04-23,qyyatcs_erg,누가 범인일까요?,"May 1, 2025",28,0
2025-04-24,qyyatcs_erg,누가 범인일까요?,"May 1, 2025",28,0
2025-04-25,qyyatcs_erg,누가 범인일까요?,"May 1, 2025",28,0
2025-04-26,qyyatcs_erg,누가 범인일까요?,"May 1, 2025",28,0
2025-04-27,qyyatcs_erg,누가 범인일까요?,"May 1, 2025",28,0
2025-04-28,qyyatcs_erg,누가 범인일까요?,"May 1, 2025",28,0
2025-04-29,qyyatcs_erg,누가 범인일까요?,"May 1, 2025",28,0
2025-04-30,qyyatcs_erg,누가 범인일까요?,"May 1, 2025",28,0
2025-05-01,qyyatcs_erg,누가 범인일까요?,"May 1, 2025",28,369810
2025-05-02,qyyatcs_erg,누가 범인일까요?,"May 1, 2025",28,74741
2025-05-03,qyyatcs_erg,누가 범인일까요?,"May 1, 2025",28,81206
2025-05-04,qyyatcs_erg,누가 범인일까요?,"May 1, 2025",28,69670
2025-05-05,qyyatcs_erg,누가 범인일까요?,"May 1, 2025",28,33064
2025-05-06,qyyatcs_erg,누가 범인일까요?,"May 1, 2025",28,19404
2025-05-07,qyyatcs_erg,누가 범인일까요?,"May 1, 2025",28,21141
2025-05-08,qyyatcs_erg,누가 범인일까요?,"May 1, 2025",28,23327
2025-05-09,qyyatcs_erg,누가 범인일까요?,"May 1, 2025",28,34801
2025-05-10,qyyatcs_erg,누가 범인일까요?,"May 1, 2025",28,17470
2025-05-11,qyyatcs_erg,누가 범인일까요?,"May 1, 2025",28,7695
2025-05-12,qyyatcs_erg,누가 범인일까요?,"May 1, 2025",28,5905
2025-05-13,qyyatcs_erg,누가 범인일까요?,"May 1, 2025",28,7384
2025-05-14,qyyatcs_erg,누가 범인일까요?,"May 1, 2025",28,13207
2025-05-15,qyyatcs_erg,누가 범인일까요?,"May 1, 2025",28,8561
2025-05-16,qyyatcs_erg,누가 범인일까요?,"May 1, 2025",28,6981
2025-05-17,qyyatcs_erg,누가 범인일까요?,"May 1, 2025",28,5459
2025-05-18,qyyatcs_erg,누가 범인일까요?,"May 1, 2025",28,3452
2025-05-19,qyyatcs_erg,누가 범인일까요?,"May 1, 2025",28,2531
2025-05-20,qyyatcs_erg,누가 범인일까요?,"May 1, 2025",28,4280
2025-05-21,qyyatcs_erg,누가 범인일까요?,"May 1, 2025",28,4275
2025-05-22,qyyatcs_erg,누가 범인일까요?,"May 1, 2025",28,2035
2025-05-23,qyyatcs_erg,누가 범인일까요?,"May 1, 2025",28,6175
2025-05-24,qyyatcs_erg,누가 범인일까요?,"May 1, 2025",28,7236
2025-05-25,qyyatcs_erg,누가 범인일까요?,"May 1, 2025",28,2715
2025-05-26,qyyatcs_erg,누가 범인일까요?,"May 1, 2025",28,2662
2025-05-27,qyyatcs_erg,누가 범인일까요?,"May 1, 2025",28,4155
2025-05-28,qyyatcs_erg,누가 범인일까요?,"May 1, 2025",28,6662
2025-05-29,qyyatcs_erg,누가 범인일까요?,"May 1, 2025",28,8901
2025-05-30,qyyatcs_erg,누가 범인일까요?,"May 1, 2025",28,5510
2025-05-31,qyyatcs_erg,누가 범인일까요?,"May 1, 2025",28,2497
2025-06-01,qyyatcs_erg,누가 범인일까요?,"May 1, 2025",28,1856
2025-06-02,qyyatcs_erg,누가 범인일까요?,"May 1, 2025",28,4179
2025-06-03,qyyatcs_erg,누가 범인일까요?,"May 1, 2025",28,2443
2025-06-04,qyyatcs_erg,누가 범인일까요?,"May 1, 2025",28,1622
2025-06-05,qyyatcs_erg,누가 범인일까요?,"May 1, 2025",28,2194
2025-06-06,qyyatcs_erg,누가 범인일까요?,"May 1, 2025",28,2106
2025-06-07,qyyatcs_erg,누가 범인일까요?,"May 1, 2025",28,2701
2025-06-08,qyyatcs_erg,누가 범인일까요?,"May 1, 2025",28,1294
2025-06-09,qyyatcs_erg,누가 범인일까요?,"May 1, 2025",28,1078
2025-06-10,qyyatcs_erg,누가 범인일까요?,"May 1, 2025",28,1106
2025-06-11,qyyatcs_erg,누가 범인일까요?,"May 1, 2025",28,978
2025-06-12,qyyatcs_erg,누가 범인일까요?,"May 1, 2025",28,1020
2025-06-13,qyyatcs_erg,누가 범인일까요?,"May 1, 2025",28,1904
2025-06-14,qyyatcs_erg,누가 범인일까요?,"May 1, 2025",28,1510
2025-06-15,qyyatcs_erg,누가 범인일까요?,"May 1, 2025",28,1161
2025-06-16,qyyatcs_erg,누가 범인일까요?,"May 1, 2025",28,955
2025-06-17,qyyatcs_erg,누가 범인일까요?,"May 1, 2025",28,980
2025-06-18,qyyatcs_erg,누가 범인일까요?,"May 1, 2025",28,1232
2025-06-19,qyyatcs_erg,누가 범인일까요?,"May 1, 2025",28,1329
2025-06-20,qyyatcs_erg,누가 범인일까요?,"May 1, 2025",28,1388
2025-06-21,qyyatcs_erg,누가 범인일까요?,"May 1, 2025",28,1320
2025-06-22,qyyatcs_erg,누가 범인일까요?,"May 1, 2025",28,901
2025-06-23,qyyatcs_erg,누가 범인일까요?,"May 1, 2025",28,615
2025-06-24,qyyatcs_erg,누가 범인일까요?,"May 1, 2025",28,453
2025-06-25,qyyatcs_erg,누가 범인일까요?,"May 1, 2025",28,387
2025-06-26,qyyatcs_erg,누가 범인일까요?,"May 1, 2025",28,382
2025-06-27,qyyatcs_erg,누가 범인일까요?,"May 1, 2025",28,395
